Material Number,Description,UOM,Qty,Price
BP004849,Hex Nut M24 SS304 DIN934,EA,35,INR 33.06
BP005132,Plain Washer M8 Mild Steel,EA,34,INR 2.39
BP006330,Ball Bearing 6205-2Rs Skf,EA,280,INR 588.33
BP004747,M12 Hex Nut SS 304 Conforming To DIN934,EA,217,
BP004841,Nut Hex M20 SS304,EA,182,INR 29.86
BP006164,Motor Induction Squirrel Cage 90Kw 4 Pole 415V Ie3,EA,211,"INR 755,447.67"
BP005009,Bolt Hex M16 X 60 Mm Lg SS304 DIN933,EA,241,INR 30.05
BP006070,Induction Motor 5.5 Kw 2P 415 V 50Hz,EA,257,"INR 43,255.22"
BP006825,Check Valve 8 Inch 150 Class Wcb Flanged,EA,2,"INR 56,571.39"
BP006396,Bearing 6308 2Rs,EA,122,INR 722.70
BP006883,Rubber Sheet 6Mm Neoprene,EA,490,"INR 5,806.60"
BP005242,Flange 2 In 300 Lb So Rf A105,EA,326,INR 590.49
BP006291,Power Cable 3C X 16 Sqmm Cu Xlpe 1.1Kv,MTR,,"INR 1,946.21"
BP006443,Ball Bearing 22222-2Rs Skf,EA,308,INR 655.35
BP006731,  Gauge  Pressure 0-100 Kg/Cm2 150 Mm Dial ,EA,371,"INR 3,617.73"
BP005981,Induction Motor 2.2 Kw 6P 415 V 50Hz,EA,210,"INR 17,018.81"
BP006646,Gauge Pressure 0-16 Kg/Cm2 150 Mm Dial,EA,384,"INR 1,357.10"
BP005664,Valve Check 6 Inch Class 300 Wcb Rf,EA,393,"INR 10,659.98"
BP006588,Ismc 200 E250 IS 2062,MTR,796,"INR 1,287.53"
BP006290,Power Cable 3 Core 6 Sq Mm Cu Xlpe 1.1 Kv,MTR,587,INR 846.99
BP005379,"Flg So 10"" 300# Rf A105",EA,60,"INR 2,886.35"
BP005731,Pipe 6 Inch Sch80 Seamless A106 B,MTR,273,"INR 2,445.63"
BP004829,Hex Nut M16 SS316 ISO4032,EA,169,INR 24.31
BP005104,  Stud  Bolt M24X150 ASTM A193 B7 ,EA,18,INR 121.75
BP004867,Hex Nut M30 SS304 ISO4032,EA,387,INR 44.03
BP005098,Stud Bolt M16 X 100 B7 With 2 Nuts 2H,EA,311,INR 51.58
BP004845,Hex Nut M20 SS316 ISO4032,EA,43,INR 27.38
BP006169,Power Cable 2 Core 16 Sq Mm Cu Xlpe 1.1 Kv,MTR,459,"INR 1,379.16"
BP004797,M16 Hex Nut SS 304 Conforming To DIN934,EA,288,INR 23.64
BP006358,  Ball  Bearing 6305-2Rs Skf ,EA,307,INR 722.49
BP005079,  Hex  Bolt M30X150 SS304 ,EA,,INR 152.97
BP006586,  Ismb  400 IS 2062 ,MTR,845,"INR 2,403.81"
BP005766,Elbow 3 Inch Sch 40 Butt Weld A234 Wpb,EA,323,INR 314.35
BP005841,Reducer 2 Inch Sch 40 Butt Weld A234 Wpb,EA,252,INR 213.43
BP006652,Gauge Pressure 0-25 Kg/Cm2 100 Mm Dial,EA,312,"INR 1,186.70"
BP005863,  Spiral  Wound Gasket 2 In 300 Lb SS316 Graphite Filled ,EA,26,INR 244.37
BP006013,Induction Motor 3.7 Kw 2P 415 V 50Hz,EA,375,"INR 29,607.01"
BP006305,Cable 3Cx95 Sqmm Al Pvc Armoured,MTR,239,"INR 11,076.86"
BP005578,Globe Valve 6 Inch Class 150 Wcb Flanged,EA,315,"INR 5,151.50"
BP006539,Ms Plate 12Mm,EA,18308,INR 610.01
BP005256,Flange Wn Rf 3 Inch Class 300 A105 ASME B16.5,EA,252,INR 906.16
BP006913,Cotton Waste White,EA,239,"INR 6,942.66"
BP006520,Ms Plate 10Mm,EA,18533,INR 548.22
BP005314,"Flg So 6"" 300# Rf A105",EA,293,"INR 1,752.01"
BP005774,Elbow 4 Inch Sch 40 Butt Weld A234 Wpb,EA,279,INR 423.40
BP005296,"Flg So 4"" 600# Rf A105",EA,372,"INR 2,535.44"
BP005643,Check Valve 3 Inch Class 600 Wcb Flanged,EA,191,"INR 10,561.41"
BP004689,Nut Hexagon M8 Mild Steel DIN 934,EA,49,INR 5.43
BP005975,Induction Motor 2.2 Kw 4P 415 V 50Hz,EA,115,"INR 20,370.59"
BP006205,Power Cable 2 Core 35 Sq Mm Cu Xlpe 1.1 Kv,MTR,842,"INR 3,222.16"
BP006571,Plate Ms 20Mm IS 2062,EA,16707,"INR 1,032.54"
BP005610,Check Valve 2 Inch Class 150 Cf8M Flanged,EA,,"INR 3,200.21"
BP004940,Hex Bolt M10X40 Ms,EA,,INR 5.41
BP005251,"Flg Wn 3"" 150# Rf A105",EA,200,INR 427.40
BP006316,Ball Bearing 6203-2Rs Skf,EA,347,INR 540.09
BP006912,Torque Wrench 40-200 Nm,EA,76,"INR 3,692.62"
BP005424,  Gate  Valve 4 Inch Class 300 Cf8M Flanged End Api 600 ,EA,337,"INR 11,536.18"
BP005390,Gate Valve 2 Inch Class 300 Wcb Flanged End Api 600,EA,46,
BP006709,Pressure Gauge 0-100 Kg/Cm2 100Mm Dial 1/2 Npt,EA,170,"INR 3,256.58"
BP005203,Plain Washer M24 Stainless Steel 304,EA,131,INR 7.10
BP005924,Spiral Wound Gasket 4 Inch Class 600 SS316 Graphite,EA,73,INR 843.89
BP005546,Globe Valve 4 Inch Class 150 Cf8M Flanged,EA,134,"INR 5,936.44"
BP006275,Power Cable 2C X 240 Sqmm Cu Xlpe 1.1Kv,MTR,2841,"INR 20,024.60"
BP005211,"Flg Wn 2"" 300# Rf A105",EA,279,INR 544.85
BP005607,Ball Valve 8 Inch Class 600 Wcb Flanged,EA,215,"INR 27,877.62"
BP006682,  Gauge  Pressure 0-40 Kg/Cm2 150 Mm Dial ,EA,17,"INR 1,872.21"
BP004763,M12 Hex Nut SS 316 Conforming To DIN934,EA,278,INR 17.62
BP004968,Bolt Hex M12 X 50 Mm Lg SS304 DIN933,EA,192,INR 17.58
BP005274,"Flg So 3"" 600# Rf A105",EA,220,"INR 1,703.75"
BP006577,Plate Ms 32Mm IS 2062,EA,14877,"INR 1,779.19"
BP006129,Electric Motor 125 Hp 2880 Rpm 415V,EA,329,"INR 722,751.86"
BP005878,Spiral Wound Gasket 2 In 600 Lb SS316 Graphite Filled,EA,378,INR 497.16
BP006105,  Electric  Motor 50 Hp 1440 Rpm 415V ,EA,125,
BP005794,Tee 2 Inch Sch 40 Butt Weld A234 Wpb,EA,301,INR 223.11
BP005509,"Globe Valve 3"" 300# Wcb Flanged",EA,301,"INR 4,734.19"
BP004768,Hex Nut M12 SS304 ISO4032,EA,329,
BP006587,Ismb 400 E250 IS 2062,MTR,1129,"INR 2,332.57"
BP004714,Hex Nut M10 SS316 DIN934,EA,278,INR 14.00
BP005404,Gate Valve 2 Inch Class 600 Cf8M Flanged End Api 600,EA,112,"INR 11,278.13"
BP006793,Hydraulic Oil ISO Vg46 Aw,LTR,2812,INR 205.80
BP004740,Hex Nut M10 Ms DIN934,EA,,INR 6.04
BP005000,Hex Bolt M12 X 80Mm SS316 Full Thread,EA,89,INR 28.02
BP005789,Elbow 6 Inch Sch 40 Butt Weld A234 Wpb,EA,102,INR 673.32
BP006836,  Bearing  Nu210 Zz ,EA,58,"INR 83,125.40"
BP006464,Plate 6 Mm Thk SS304 Is2062 E250,EA,14678,
BP005179,Plain Washer M16 Stainless Steel 304,EA,,INR 5.58
BP005480,Globe Valve 2 Inch Class 150 Wcb Flanged,EA,317,"INR 1,652.26"
BP005442,Gate Valve 8 Inch Class 300 Cf8M Flanged End Api 600,EA,149,"INR 25,606.27"
BP006557,SS304 Plate 12Mm,EA,2837,"INR 3,416.19"
BP005086,Hex Bolt M30 X 150Mm Ms Full Thread,EA,399,INR 53.96
BP006809,Compressor Oil ISO Vg100,LTR,1077,INR 303.31
BP005830,Tee 8 Inch Sch 40 Butt Weld A234 Wpb,EA,368,INR 828.10
BP006508,Plate 8 Mm Thk SS304 Is2062 E250,EA,7459,"INR 2,038.57"
BP006037,Motor Induction Squirrel Cage 3.7Kw 6 Pole 415V Ie3,EA,341,"INR 29,249.82"
BP006856,Welding Electrode E7018 3.15Mm,EA,116,"INR 3,615.58"
BP005898,Spiral Wound Gasket 3 In 150 Lb SS316 Graphite Filled,EA,9,INR 169.66
BP004848,Hex Nut M20 SS316 ISO4032,EA,336,INR 27.67
BP005407,Gate Valve 4 Inch Class 300 Wcb Flanged End Api 600,EA,94,
BP005066,Hexagon Head Bolt M24 X 120 Cl 8.8,EA,122,
BP005470,Gate Valve 8 Inch Class 600 Wcb Flanged End Api 600,EA,127,"INR 24,025.69"
BP004928,  Hex  Bolt M10X40 SS304 ,EA,237,INR 12.43
BP006582,Ismb 150 E250 IS 2062,MTR,516,"INR 1,068.58"
BP005947,Spiral Wound Gasket 6 In 150 Lb SS316 Graphite Filled,EA,297,INR 328.63
BP006902,Anti Seize Compound 500G,EA,304,INR 932.76
BP006089,Induction Motor 5.5 Kw 6P 415 V 50Hz,EA,127,"INR 48,483.86"
BP006877,Epoxy Primer Paint 20 Ltr,EA,20,"INR 7,466.19"
BP005605,Valve Ball 4 Inch Class 600 Cf8M Rf,EA,118,"INR 24,943.63"
BP006346,Bearing 6206 C3,EA,55,INR 647.91
BP005594,Valve Ball 3 Inch Class 600 Wcb Rf,EA,329,"INR 9,527.25"
BP004988,Hex Bolt M12X50 Gr 8.8,EA,146,INR 8.12
BP006766,Hydraulic Oil ISO Vg 68,LTR,1088,INR 216.34
BP005709,"Pipe 4"" Sch 40 Smls ASTM A106 B",MTR,83,INR 831.09
BP005352,Flange 8 In 600 Lb So Rf A105,EA,44,"INR 5,067.23"
BP005541,Valve Globe 4 Inch Class 150 Wcb Rf,EA,6,"INR 3,056.61"
BP006635,Gauge Pressure 0-10 Kg/Cm2 100 Mm Dial,EA,157,INR 889.88
BP005377,"Flg So 10"" 150# Rf A105",EA,131,"INR 1,550.95"
BP005208,Plain Washer M24 Mild Steel,EA,12,INR 8.54
BP004800,M16 Hex Nut SS 304 Conforming To ISO4032,EA,48,INR 20.99
BP005701,Pipe 4 Inch Sch40 Seamless A106 B,MTR,890,INR 815.87
BP006895,Contactor 3P 32A 415V Coil 230Vac,EA,230,"INR 7,311.21"
BP004960,Hex Bolt M12X50 SS304,EA,151,INR 18.09
BP004898,Hex Nut M36 SS304 ISO4032,EA,396,INR 48.44
BP005426,Valve Gate 8 Inch Class 150 Wcb Rf,EA,53,"INR 6,533.02"
BP005341,Flange 8 In 300 Lb Wn Rf A105,EA,123,"INR 2,151.66"
BP006241,Power Cable 2 Core 50 Sq Mm Cu Xlpe 1.1 Kv,MTR,692,"INR 4,361.09"
BP006391,Ball Bearing 6308-2Rs Skf,EA,,
BP006097,Induction Motor 37 Kw 2P 415 V 50Hz,EA,165,"INR 268,012.47"
BP005030,  Hexagon  Head Bolt M16 X 60 Stainless Steel 316 ,EA,359,INR 33.43
BP006416,Ball Bearing 6310-2Rs Skf,EA,338,INR 710.05
BP005006,Hex Bolt M16 X 60Mm SS304 Full Thread,EA,174,INR 30.54
BP005765,Elbow 90 Deg Lr 2 Inch Sch 40 Bw A234 Wpb,EA,382,INR 186.89
BP005154,Plain Washer M12 Stainless Steel 304,EA,,INR 3.68
BP006848,8 Nb Flange Wn Class 300 Rf A105 B16.5,EA,52,"INR 73,542.69"
BP006501,Plate 8 Mm Thk Ms Is2062 E250,EA,8776,INR 390.24
BP005693,Check Valve 6 Inch Class 600 Cf8M Flanged,EA,172,"INR 35,107.20"
BP006607,Ismc 250 E250 IS 2062,MTR,1372,"INR 1,698.44"
