SAP Code,Material Desc,Unit,Stock Qty,Unit Rate
CP0004225,HEX BOLT M16 x 80mm SS304 FULL THREAD,PC,244,38.91
CP0005166,"TEE EQUAL 6"" SCH 40 BW A234 WPB",PC,203,628.32
CP0004644,VALVE GATE 8 INCH CLASS 150 WCB RF,PC,,6402.86
CP0004106,M24 HEX NUT MS CONFORMING TO DIN934,PC,43,
CP0005853,PRESSURE GAUGE 0-40 KG/CM2 DIAL 150MM SS316 1/2 NPT,PC,,1788.54
CP0005703,PLATE 25 MM THK MS IS2062 E250,KG,16028,1243.33
CP0004568,  VALVE  GATE 2 INCH CLASS 300 WCB RF ,PC,369,3190.48
CP0004354,STUD BOLT M20 X 120 B7 WITH 2 NUTS 2H,PC,,70.91
CP0004489,FLANGE SO RF 4 INCH CLASS 600 A105 ASME B16.5,PC,306,2371.89
CP0005302,MOTOR 3 PHASE 415V 3.7KW 2 POLE,PC,233,31193.39
CP0004285,HEXAGON HEAD BOLT M30 X 150 MILD STEEL,PC,244,57.23
CP0004625,GATE VALVE 4 INCH CLASS 300 CF8M FLANGED END API 600,PC,11,11289.16
CP0005337,MOTOR 3 PHASE 415V 3.7KW 6 POLE,PC,226,
CP0004953,CHECK VALVE 6 INCH CLASS 600 WCB FLANGED,PC,,18941.12
CP0005763,ISMB 300 E250 IS 2062,MTR,199,2050.34
CP0005512,CABLE 2C X 25 SQMM XLPE ARMOURED 1.1KV,MTR,1930,1907.02
CP0005885,HYDRAULIC OIL ISO VG68 AW,LTR,2754,192.87
CP0004672,VALVE GATE 8 INCH CLASS 600 WCB RF,PC,121,23025.49
CP0003964,HEX NUT M10 MS DIN934,PC,170,6.37
CP0005892,HYDRAULIC OIL VG 46,LTR,2589,179.35
CP0005981,RUBBER SHEET 6MM NEOPRENE,PC,487,1643.62
CP0004865,VALVE CHECK 3 INCH CLASS 600 WCB RF,PC,153,9145.60
CP0004588,VALVE GATE 4 INCH CLASS 300 WCB RF,PC,193,5839.45
CP0004524,"FLG SO 10"" 150# RF A105",PC,103,1342.51
CP0005746,BEAM ISMB150 IS2062 E250,MTR,1124,974.83
CP0004386,FLANGE WN RF 2 INCH CLASS 300 A105 ASME B16.5,PC,43,564.72
CP0005736,PLATE 32 MM THK MS IS2062 E250,KG,2243,1522.56
CP0004734,VALVE GLOBE 4 INCH CLASS 150 CF8M RF,PC,100,5950.11
CP0004586,VALVE GATE 2 INCH CLASS 600 CF8M RF,PC,83,11926.29
CP0005482,POWER CABLE 2 CORE 16 SQ MM CU XLPE 1.1 KV,MTR,797,1443.29
CP0004961,VALVE CHECK 6 INCH CLASS 600 CF8M RF,PC,,36181.15
CP0004896,VALVE CHECK 3 INCH CLASS 600 CF8M RF,PC,294,14871.63
CP0005946,CONTACTOR 3P 32A 415V COIL 230VAC,PC,15,3402.59
CP0004044,  M20  HEX NUT SS 316 CONFORMING TO DIN934 ,PC,84,28.64
CP0004148,hex bolt m10x40 ms,PC,35,
CP0004730,VALVE GLOBE 2 INCH CLASS 300 CF8M RF,PC,380,5489.21
CP0005014,"PIPE 3"" SCH 40 SMLS ASTM A106 B",MTR,322,509.44
CP0004453,FLANGE WN RF 4 INCH CLASS 600 A105 ASME B16.5,PC,277,2410.45
CP0005143,"TEE EQUAL 2"" SCH 40 BW A234 WPB",PC,222,191.28
CP0005828,PRESSURE GAUGE 0-25 KG/CM2 DIAL 150MM SS316 1/2 NPT,PC,,1471.74
CP0005821,PRESSURE GAUGE 0-16 KG/CM2 150MM DIAL 1/2 NPT,PC,385,1201.50
CP0005243,"GASKET SPIRAL WOUND 6"" 600# SS316",PC,139,1355.09
CP0005517,CABLE 2C X 35 SQMM XLPE ARMOURED 1.1KV,MTR,1740,2538.49
CP0005898,6 NB SCH 40 SEAMLESS PIPE A106 GR B,PC,30,24691.77
CP0004375,WASHER FLAT M24 MS ZINC PLATED,PC,31,8.06
CP0004559,FLANGE WN RF 10 INCH CLASS 600 A105 ASME B16.5,PC,237,5701.26
CP0006005,COTTON WASTE WHITE,PC,437,2447.70
CP0005394,MOTOR 3 PHASE 415V 55KW 4 POLE,PC,141,433210.35
CP0004669,VALVE GATE 8 INCH CLASS 300 WCB RF,PC,151,12161.99
CP0004023,M12 HEX NUT SS 304 CONFORMING TO ISO4032,PC,161,17.31
CP0004684,GLOBE VALVE 2 INCH CLASS 150 WCB FLANGED,PC,297,1674.46
CP0005202,"GASKET SPIRAL WOUND 3"" 300# SS316",PC,12,304.62
CP0004177,hex bolt m12x80 ms,PC,288,10.75
CP0004984,PIPE 2 INCH SCH40 SEAMLESS A106 B,MTR,717,382.72
CP0004320,  STUD  BOLT M16 X 100 B7 WITH 2 NUTS 2H ,PC,17,44.50
CP0005996,WELDING ELECTRODE E6013 2.5MM,PC,187,967.93
CP0003985,  M12  HEX NUT SS 304 CONFORMING TO DIN934 ,PC,59,15.76
CP0004771,VALVE GLOBE 6 INCH CLASS 150 WCB RF,PC,244,4590.29
CP0005547,CABLE 2C X 70 SQMM XLPE ARMOURED 1.1KV,MTR,2032,5440.37
CP0005966,HACKSAW BLADE 300MM BIMETAL,PC,310,2579.32
CP0004791,VALVE GLOBE 8 INCH CLASS 150 WCB RF,PC,280,6180.53
CP0004824,"BALL VALVE 4"" 600# WCB FLANGED",PC,346,12681.88
CP0005675,PLATE 8 MM THK MS IS2062 E250,KG,17477,357.55
CP0005105,"ELBOW 90 DEG LR 3"" SCH 40 BW A234 WPB",PC,96,272.91
CP0005051,PIPE SEAMLESS 4 INCH SCH 40 A106 GR B,MTR,549,665.66
CP0004370,FLAT WASHER M8 MS,PC,332,2.63
CP0005073,"ELBOW 90 DEG LR 2"" SCH 40 BW A234 WPB",PC,385,210.97
CP0004057,NUT HEX M20 SS304,PC,281,28.70
CP0005626,BEARING 6312 2RS,PC,,692.01
CP0005700,PLATE 10 MM THK MS IS2062 E250,KG,,465.29
CP0005369,MOTOR 3 PHASE 415V 37KW 4 POLE,PC,394,261743.86
CP0004490,FLANGE SO RF 8 INCH CLASS 150 A105 ASME B16.5,PC,150,1066.67
CP0004980,VALVE CHECK 8 INCH CLASS 150 WCB RF,PC,350,6143.21
CP0005798,  PRESSURE  GAUGE 0-16 KG/CM2 DIAL 100MM SS316 1/2 NPT ,PC,45,990.48
CP0004035,HEXAGONAL NUT M16 SS316 ISO 4032,PC,284,19.99
CP0004929,VALVE CHECK 6 INCH CLASS 300 CF8M RF,PC,220,16854.97
CP0004423,FLANGE 2 IN 300 LB SO RF A105,PC,19,554.93
CP0004247,hex bolt m24x120 ms,PC,61,35.95
CP0005962,SAFETY SHOES SIZE 9,PC,235,5689.06
CP0004080,HEX NUT M24 SS304 DIN934,PC,363,33.38
CP0005358,MOTOR 3 PHASE 415V 5.5KW 6 POLE,PC,399,45135.34
CP0004366,  STUD  BOLT M24 X 150 B7 WITH 2 NUTS 2H ,PC,44,113.95
CP0004026,NUT HEX M12 SS304,PC,267,16.96
CP0003994,NUT HEX M12 SS316,PC,195,15.49
CP0004425,FLANGE WN RF 3 INCH CLASS 150 A105 ASME B16.5,PC,256,447.88
CP0004823,VALVE BALL 4 INCH CLASS 600 WCB RF,PC,360,12725.40
CP0004509,FLANGE 8 IN 600 LB SO RF A105,PC,121,3983.94
CP0004251,hex bolt m30x150 ss304,PC,57,
CP0005793,CHANNEL ISMC250 IS2062,MTR,,1687.01
CP0004705,VALVE GLOBE 2 INCH CLASS 300 WCB RF,PC,101,3327.26
CP0005132,ELBOW 4 INCH SCH 40 BUTT WELD A234 WPB,PC,222,381.63
CP0005563,CABLE 3C X 6 SQMM XLPE ARMOURED 1.1KV,MTR,854,811.14
CP0004211,hex bolt m16x60 ss304,PC,63,30.95
CP0004807,VALVE BALL 3 INCH CLASS 600 CF8M RF,PC,321,14885.28
CP0005460,  MOTOR  INDUCTION SQUIRREL CAGE 90KW 4 POLE 415V IE3 ,PC,236,600237.37
CP0005617,BALL BEARING 6203-2RS SKF,PC,398,561.96
CP0005428,MOTOR 3 PHASE 415V 55KW 6 POLE,PC,265,386471.79
CP0005235,"GASKET SPIRAL WOUND 6"" 150# SS316",PC,264,290.73
CP0005901,2 NB FLANGE SO CLASS 300 RF A105 B16.5,PC,15,75317.25
CP0005357,MOTOR INDUCTION SQUIRREL CAGE 5.5KW 2 POLE 415V IE3,PC,26,42095.28
CP0005353,MOTOR 3 PHASE 415V 5.5KW 2 POLE,PC,143,42468.80
CP0003956,NUT HEX M10 SS316,PC,292,12.81
CP0003988,  M12  HEX NUT SS 316 CONFORMING TO DIN934 ,PC,299,15.38
CP0004853,VALVE BALL 4 INCH CLASS 600 CF8M RF,PC,144,22210.27
CP0005647,BEARING 22222 2RS,PC,360,561.60
CP0005593,CABLE 3C X 25 SQMM XLPE ARMOURED 1.1KV,MTR,1554,2749.93
CP0005274,  MOTOR  3 PHASE 415V 1.5KW 6 POLE ,PC,,11869.12
CP0005203,"  GASKET  SPIRAL WOUND 4"" 600# SS316 ",PC,310,894.37
CP0005932,  PTFE  TAPE 12MM ,PC,152,8036.01
CP0004431,flange wn rf 3 inch class 300 a105,PC,306,852.44
CP0005895,COMPRESSOR OIL VG 100,LTR,2613,285.45
CP0004294,hex bolt m30x150 gr8.8,PC,325,59.35
CP0005921,gate valve 4 inch 300 class cf8m flanged,PC,8,32805.12
CP0005771,  CHANNEL  ISMC100 IS2062 ,MTR,1345,635.83
CP0004124,M36 HEX NUT SS 304 CONFORMING TO ISO4032,PC,257,46.18
CP0004234,  hex  bolt m20x100 gr8.8 ,PC,352,23.31
