MATNR;MAKTX;MEINS;Stock Qty;Unit Price
HP9008073;PRESSURE GAUGE 0-25 KG/CM2 100MM DIAL 1/2 NPT;PCS;259;Rs. 1,106.62
HP9007585;INDUCTION MOTOR 37 KW 6P 415 V 50HZ;PCS;370;Rs. 3,06,454.44
HP9006716;PLAIN WASHER M12 STAINLESS STEEL 304;PCS;113;Rs. 3.92
HP9008162;GEAR OIL VG 220 EP;LTR;1707;Rs. 233.98
HP9007333;TEE 4 INCH SCH 40 BUTT WELD A234 WPB;PCS;191;Rs. 388.68
HP9007034;GLOBE VALVE 3 INCH CLASS 300 WCB FLANGED;PCS;280;Rs. 4,861.37
HP9006141;NUT HEXAGON M8 MILD STEEL DIN 934;PCS;182;
HP9007225;VALVE CHECK 4 INCH CLASS 600 CF8M RF;PCS;24;Rs. 20,725.24
HP9007275;"ELBOW 90 DEG LR 2"" SCH 40 BW A234 WPB";PCS;11;Rs. 182.68
HP9008261;DIAL CALIPER 0-150MM;PCS;159;Rs. 251.91
HP9006170;HEX NUT M8 SS304 ISO4032;PCS;76;Rs. 11.06
HP9007681;POWER CABLE 2C x 25 sqmm cu xlpe 1.1kv;MTR;2111;Rs. 1,876.22
HP9007942;PLATE 16 MM THK MS IS2062 E250;KG;4618;Rs. 742.90
HP9007475;ELECTRIC MOTOR 5 HP 960 RPM 415V;PCS;170;Rs. 30,266.78
HP9007214;VALVE CHECK 3 INCH CLASS 600 CF8M RF;PCS;81;Rs. 16,273.01
HP9006545;HEXAGON HEAD BOLT M16 X 80 STAINLESS STEEL 316;PCS;228;Rs. 38.20
HP9006823;FLANGE SO RF 2 INCH CLASS 300 A105 ASME B16.5;PCS;;Rs. 538.36
HP9007857;PLATE 6 MM THK MS IS2062 E250;KG;;Rs. 314.24
HP9006667;WASHER FLAT M8 SS304 ZINC PLATED;PCS;206;Rs. 2.62
HP9006122;NUT HEXAGON M8 STAINLESS STEEL 316 DIN 934;PCS;267;Rs. 10.31
HP9006895;FLANGE 8 IN 150 LB SO RF A105;PCS;151;Rs. 1,172.07
HP9006291;HEXAGONAL NUT M16 SS304 DIN 934;PCS;351;Rs. 23.77
HP9006175;NUT HEXAGON M10 STAINLESS STEEL 316 DIN 934;PCS;348;Rs. 13.84
HP9006867;FLANGE WN RF 4 INCH CLASS 600 A105 ASME B16.5;PCS;97;Rs. 2,135.17
HP9007690;POWER CABLE 2C x 35 sqmm cu xlpe 1.1kv;MTR;2623;Rs. 3,032.81
HP9007272;"PIPE 4"" SCH 80 SMLS ASTM A106 B";MTR;526;
HP9006536;HEXAGON HEAD BOLT M16 X 60 CL 8.8;PCS;162;Rs. 11.39
HP9007444;  MOTOR  INDUCTION SQUIRREL CAGE 2.2KW 4 POLE 415V IE3 ;PCS;111;Rs. 17,955.40
HP9007096;VALVE BALL 2 INCH CLASS 300 WCB RF;PCS;147;Rs. 2,993.08
HP9007116;VALVE BALL 4 INCH CLASS 600 WCB RF;PCS;272;Rs. 11,608.12
HP9007002;GATE VALVE 8 INCH CLASS 600 WCB FLANGED END API 600;PCS;259;
HP9007990;BEAM ISMB450 IS2062 E250;MTR;571;Rs. 2,783.49
HP9006267;HEXAGONAL NUT M12 SS304 ISO 4032;PCS;347;Rs. 16.37
HP9006966;VALVE GATE 4 INCH CLASS 300 CF8M RF;PCS;108;Rs. 12,182.17
HP9006426;HEX BOLT M10 x 40mm SS304 FULL THREAD;PCS;145;Rs. 12.98
HP9008041;  PRESSURE  GAUGE 0-16 KG/CM2 100MM DIAL 1/2 NPT ;PCS;389;Rs. 991.31
HP9007615;ELECTRIC MOTOR 75 HP 960 RPM 415V;PCS;327;Rs. 4,42,760.33
HP9007119;VALVE BALL 4 INCH CLASS 600 CF8M RF;PCS;165;Rs. 22,704.24
HP9008131;HYDRAULIC OIL VG 46;LTR;2280;Rs. 183.87
HP9007461;INDUCTION MOTOR 3.7 KW 2P 415 V 50HZ;PCS;116;Rs. 27,526.81
HP9006768;WASHER FLAT M16 MS ZINC PLATED;PCS;18;Rs. 4.68
HP9007252;"PIPE 4"" SCH 40 SMLS ASTM A106 B";MTR;383;
HP9006734;WASHER FLAT M16 SS304 ZINC PLATED;PCS;39;
HP9006694;WASHER FLAT M10 MS ZINC PLATED;PCS;214;Rs. 2.92
HP9006232;M12 HEX NUT MS CONFORMING TO DIN934;PCS;327;Rs. 7.73
HP9006935;"GATE VALVE 2"" 600# CF8M FLANGED";PCS;297;Rs. 10,386.75
HP9006423;HEXAGON HEAD BOLT M10 X 40 STAINLESS STEEL 304;PCS;256;Rs. 12.99
HP9006866;flange so rf 3 inch class 600 a105;PCS;228;Rs. 1,664.63
HP9007550;MOTOR INDUCTION SQUIRREL CAGE 37KW 2 POLE 415V IE3;PCS;143;Rs. 2,71,492.51
HP9006399;HEX NUT M30 SS304 ISO4032;PCS;318;Rs. 43.99
HP9007870;PLATE SS304 6MM IS 2062;KG;2001;Rs. 1,404.46
HP9007850;BALL BEARING 6312-2RS SKF;PCS;30;Rs. 703.58
HP9006761;FLAT WASHER M16 MS;PCS;91;Rs. 4.64
HP9007772;POWER CABLE 2C x 240 sqmm cu xlpe 1.1kv;MTR;1916;Rs. 19,656.80
HP9006161;NUT HEXAGON M8 STAINLESS STEEL 304 ISO 4032;PCS;233;Rs. 10.90
HP9007788;POWER CABLE 3C x 95 sqmm cu xlpe 1.1kv;MTR;346;Rs. 11,744.22
HP9007656;POWER CABLE 2 CORE 16 SQ MM CU XLPE 1.1 KV;MTR;1530;Rs. 1,305.26
HP9006324;NUT HEXAGON M16 STAINLESS STEEL 304 ISO 4032;PCS;394;Rs. 23.14
HP9007743;POWER CABLE 2C x 70 sqmm cu xlpe 1.1kv;MTR;1866;Rs. 5,702.70
HP9008227;V BELT B-72;PCS;437;Rs. 4,740.38
HP9006455;BOLT HEX M10 X 40 MM LG MS DIN933;PCS;91;Rs. 5.35
HP9006412;NUT HEXAGON M36 STAINLESS STEEL 304 DIN 934;PCS;221;Rs. 44.87
HP9008194;globe valve 6 inch 150 class wcb flanged;PCS;21;Rs. 4,925.38
HP9007890;PLATE 12 MM THK MS IS2062 E250;KG;6177;Rs. 562.94
HP9006899;flange so rf 8 inch class 600 a105;PCS;184;Rs. 4,540.04
HP9007775;POWER CABLE 3C x 50 sqmm cu xlpe 1.1kv;MTR;2726;Rs. 6,408.78
HP9007911;PLATE 12 MM THK SS304 IS2062 E250;KG;2468;Rs. 3,155.17
HP9008299;WELDING ELECTRODE E7018 3.15MM;PCS;178;Rs. 6,715.30
HP9006360;NUT HEX M20 SS316;PCS;68;Rs. 30.00
HP9007025;VALVE GLOBE 2 INCH CLASS 300 CF8M RF;PCS;20;Rs. 5,127.48
HP9006205;NUT HEX M10 MS;PCS;175;Rs. 6.31
HP9006884;flange so rf 4 inch class 600 a105;PCS;222;Rs. 2,204.78
HP9007513;MOTOR 3 PHASE 415V 11KW 6 POLE;PCS;150;Rs. 83,101.03
HP9007380;"GASKET SPIRAL WOUND 3"" 300# SS316";PCS;311;Rs. 341.28
HP9007638;MOTOR INDUCTION SQUIRREL CAGE 90KW 4 POLE 415V IE3;PCS;275;Rs. 6,11,261.63
HP9007726;CABLE 2CX50 SQMM AL PVC ARMOURED;MTR;1964;Rs. 3,719.21
HP9007889;PLATE 10 MM THK MS IS2062 E250;KG;7465;Rs. 486.65
HP9007366;REDUCER CONC 6 INCH SCH 40 BW A234 WPB;PCS;321;Rs. 562.58
HP9006612;HEXAGON HEAD BOLT M20 X 100 CL 8.8;PCS;310;Rs. 26.82
HP9008287;SPARE AS PER OEM LIST 22;PCS;308;Rs. 785.08
HP9008096;PRESSURE GAUGE 0-100 KG/CM2 100MM DIAL 1/2 NPT;PCS;185;Rs. 3,072.56
HP9007350;  REDUCER  CONC 4 INCH SCH 40 BW A234 WPB ;PCS;109;Rs. 411.59
HP9008242;GRINDING WHEEL 100X6X16;PCS;241;Rs. 6,476.80
HP9007830;BALL BEARING 6205-2RS SKF;PCS;82;Rs. 577.62
HP9006914;"GATE VALVE 2"" 600# WCB FLANGED";PCS;304;Rs. 6,618.20
HP9006576;hex bolt m16x80 ms;PCS;334;Rs. 16.91
HP9007491;ELECTRIC MOTOR 7.5 HP 960 RPM 415V;PCS;150;Rs. 46,007.89
HP9006395;NUT HEXAGON M30 STAINLESS STEEL 304 DIN 934;PCS;247;Rs. 43.52
HP9007155;"CHECK VALVE 2"" 150# WCB FLANGED";PCS;311;Rs. 1,594.07
HP9007958;ISMB 250 IS 2062;MTR;1187;Rs. 1,565.85
HP9006836;FLANGE WN RF 3 INCH CLASS 150 A105 ASME B16.5;PCS;9;Rs. 385.39
HP9007021;VALVE GLOBE 2 INCH CLASS 150 WCB RF;PCS;201;
HP9007817;BEARING 6203 C3;PCS;266;Rs. 559.40
HP9006516;HEXAGON HEAD BOLT M16 X 60 STAINLESS STEEL 304;PCS;274;
HP9007304;ELBOW 4 INCH SCH 40 BUTT WELD A234 WPB;PCS;349;Rs. 424.23
HP9008278;ANTI SEIZE COMPOUND 500G;PCS;43;Rs. 4,871.77
HP9007106;VALVE BALL 3 INCH CLASS 600 WCB RF;PCS;62;Rs. 9,472.58
HP9007944;PLATE 25 MM THK MS IS2062 E250;KG;7394;Rs. 1,222.17
HP9006900;flange wn rf 10 inch class 600 a105;PCS;233;Rs. 5,240.19
HP9006803;FLAT WASHER M20 SS304;PCS;209;Rs. 6.63
HP9008012;  CHANNEL  ISMC150 IS2062 ;MTR;580;Rs. 977.67
HP9008243;CABLE TIE 300MM NYLON;PCS;32;Rs. 3,442.20
HP9006381;NUT HEXAGON M24 STAINLESS STEEL 316 DIN 934;PCS;9;
HP9006649;  hex  bolt m24x120 gr8.8 ;PCS;301;Rs. 36.65
HP9006658;HEXAGON HEAD BOLT M30 X 150 MILD STEEL;PCS;119;Rs. 52.30
HP9006495;  HEX  BOLT M12 x 80mm GR 8.8 FULL THREAD ;PCS;152;Rs. 12.45
HP9007620;MOTOR INDUCTION SQUIRREL CAGE 90KW 2 POLE 415V IE3;PCS;79;Rs. 7,15,562.47
HP9007409;MOTOR INDUCTION SQUIRREL CAGE 1.5KW 6 POLE 415V IE3;PCS;399;Rs. 13,751.61
HP9007184;VALVE CHECK 3 INCH CLASS 600 WCB RF;PCS;380;Rs. 9,490.13
HP9006489;HEX BOLT M12 x 80mm SS316 FULL THREAD;PCS;25;Rs. 27.02
HP9007455;MOTOR INDUCTION SQUIRREL CAGE 2.2KW 6 POLE 415V IE3;PCS;195;Rs. 16,950.02
HP9006688;WASHER FLAT M10 SS304 ZINC PLATED;PCS;332;Rs. 3.16
HP9007404;"GASKET SPIRAL WOUND 6"" 150# SS316";PCS;59;Rs. 324.58
HP9008193;COMPRESSOR OIL VG 100;LTR;812;Rs. 249.12
HP9006661;HEXAGON HEAD BOLT M30 X 150 CL 8.8;PCS;351;Rs. 52.31
HP9007178;  CHECK  VALVE 2 INCH CLASS 150 CF8M FLANGED ;PCS;;Rs. 3,061.34
HP9006520;HEXAGON HEAD BOLT M16 X 60 STAINLESS STEEL 316;PCS;365;Rs. 30.49
HP9008222;gate valve 8 inch 150 class wcb flanged;PCS;60;Rs. 67,132.01
HP9006663;STUD BOLT M30X180 B7 ZINC PLATED;PCS;79;Rs. 154.70
HP9008167;GEAR OIL ISO VG 220;LTR;189;Rs. 244.88
HP9006336;NUT HEXAGON M20 STAINLESS STEEL 304 DIN 934;PCS;73;Rs. 27.77
HP9007090;GLOBE VALVE 8 INCH CLASS 150 WCB FLANGED;PCS;218;Rs. 6,136.52
HP9007359;"REDUCER CONC 6"" SCH 40 BW A234 WPB";PCS;32;Rs. 536.73
HP9008203;8 NB FLANGE SO CLASS 600 RF A105 B16.5;PCS;47;Rs. 16,625.91
HP9007064;"GLOBE VALVE 6"" 150# WCB FLANGED";PCS;359;Rs. 4,458.96
HP9008002;ISMC 100 E250 IS 2062;MTR;72;Rs. 593.57
HP9006274;NUT HEX M12 SS304;PCS;164;Rs. 16.72
