Material Code,Material Description,UoM,Quantity,Rate
3100-002772,  CHECK  VALVE 6 INCH CLASS 300 WCB FLANGED ,EA,331,"₹9,758.74"
3100-002664,VALVE BALL 2 INCH CLASS 300 WCB RF,EA,62,"₹3,424.12"
3100-002959,"ELBOW 90 DEG LR 6"" SCH 40 BW A234 WPB",EA,104,
3100-002433,PLAIN WASHER M16 MILD STEEL,EA,190,₹4.76
3100-003237,CABLE 2C X 16 SQMM XLPE ARMOURED 1.1KV,M,1785,"₹1,427.81"
3100-002853,"PIPE 6"" SCH 40 SMLS ASTM A106 B",M,776,"₹1,078.42"
3100-002638,GLOBE VALVE 8 INCH CLASS 300 WCB FLANGED,EA,220,"₹13,264.65"
3100-003727,WELDING ELECTRODE E6013 2.5MM,EA,291,"₹5,945.90"
3100-002484,"  FLG  SO 2"" 600# RF A105 ",EA,26,"₹1,185.36"
3100-002305,STUD BOLT M30X180 ASTM A193 B7,EA,313,₹182.89
3100-003464,PLATE 25 MM THK MS IS2062 E250,KG,12580,"₹1,203.46"
3100-002092,HEX BOLT M12 x 80mm SS316 FULL THREAD,EA,293,₹31.53
3100-002580,VALVE GATE 8 INCH CLASS 150 WCB RF,EA,268,"₹5,892.42"
3100-002589,  VALVE  GLOBE 2 INCH CLASS 300 WCB RF ,EA,380,"₹3,082.26"
3100-003591,PRESSURE GAUGE 0-10 KG/CM2 150MM DIAL 1/2 NPT,EA,41,"₹1,189.20"
3100-002738,VALVE CHECK 4 INCH CLASS 600 CF8M RF,EA,79,"₹24,769.33"
3100-001782,M12 HEX NUT SS 304 CONFORMING TO DIN934,EA,152,₹18.25
3100-002475,PLAIN WASHER M24 STAINLESS STEEL 304,EA,293,₹7.11
3100-003494,BEAM ISMB250 IS2062 E250,M,103,
3100-002427,PLAIN WASHER M16 STAINLESS STEEL 304,EA,167,₹4.95
3100-002156,hex bolt m16x80 ms,EA,108,₹15.43
3100-002033,NUT HEXAGON M100 STAINLESS STEEL 304 ISO 4032,EA,,₹133.16
3100-002586,VALVE GATE 8 INCH CLASS 300 WCB RF,EA,61,"₹12,923.68"
3100-003643,TURBINE OIL VG 32,L,2047,₹246.31
3100-002781,"CHECK VALVE 6"" 300# CF8M FLANGED",EA,125,"₹16,931.52"
3100-002846,PIPE 4 INCH SCH40 SEAMLESS A106 B,M,353,₹809.71
3100-003410,PLATE 8 MM THK MS IS2062 E250,KG,14941,₹389.53
3100-003734,HACKSAW BLADE 300MM BIMETAL,EA,500,"₹6,598.07"
3100-001776,NUT HEX M8 SS304,EA,87,₹12.01
3100-003506,BEAM ISMB300 IS2062 E250,M,447,"₹1,971.88"
3100-002981,"TEE EQUAL 6"" SCH 40 BW A234 WPB",EA,92,₹565.30
3100-003021,"REDUCER CONC 8"" SCH 40 BW A234 WPB",EA,170,₹797.40
3100-002339,  PLAIN  WASHER M10 MILD STEEL ,EA,116,₹3.01
3100-003037,SPIRAL WOUND GASKET 3 INCH CLASS 150 SS316 GRAPHITE,EA,396,
3100-003073,SPIRAL WOUND GASKET 8 INCH CLASS 300 SS316 GRAPHITE,EA,343,₹890.84
3100-003168,INDUCTION MOTOR 5.5 KW 2P 415 V 50HZ,EA,167,
3100-003729,  EPOXY  PRIMER PAINT 20 LTR ,EA,7,"₹1,128.05"
3100-003040,"GASKET SPIRAL WOUND 6"" 600# SS316",EA,85,
3100-002403,SPRING WASHER M12 MS,EA,364,₹3.50
3100-002456,WASHER FLAT M20 MS ZINC PLATED,EA,17,₹6.48
3100-003766,SPARE AS PER OEM LIST 22,EA,12,"₹6,185.50"
3100-002989,"TEE EQUAL 8"" SCH 40 BW A234 WPB",EA,325,₹753.33
3100-003185,INDUCTION MOTOR 5.5 KW 6P 415 V 50HZ,EA,33,"₹43,554.76"
3100-002890,"PIPE 6"" SCH 80 SMLS ASTM A106 B",M,64,"₹2,227.25"
3100-001865,NUT HEX M16 SS316,EA,100,₹23.95
3100-002603,VALVE GLOBE 8 INCH CLASS 150 WCB RF,EA,361,"₹6,403.77"
3100-002968,"TEE EQUAL 4"" SCH 40 BW A234 WPB",EA,60,₹387.19
3100-002009,NUT HEXAGON M100 STAINLESS STEEL 304 DIN 934,EA,290,₹140.03
3100-003690,ball valve 3 inch 600 class cf8m flanged,EA,36,"₹39,682.01"
3100-002493,"FLG SO 3"" 600# RF A105",EA,373,"₹1,785.65"
3100-002304,STUD BOLT M24X150 ASTM A193 B7,EA,162,₹110.41
3100-003338,POWER CABLE 3 CORE 50 SQ MM CU XLPE 1.1 KV,M,877,"₹6,192.47"
3100-003201,ELECTRIC MOTOR 125 HP 2880 RPM 415V,EA,369,"₹626,011.30"
3100-002678,  BALL  VALVE 3 INCH CLASS 600 WCB FLANGED ,EA,71,"₹10,424.54"
3100-002085,BOLT HEX M12 X 80 MM LG SS316 DIN933,EA,196,₹31.41
3100-003100,INDUCTION MOTOR 0.75 KW 6P 415 V 50HZ,EA,,"₹7,013.57"
3100-003702,gate valve 8 inch 600 class wcb flanged,EA,45,"₹40,712.86"
3100-003155,INDUCTION MOTOR 3.7 KW 6P 415 V 50HZ,EA,333,
3100-003785,COTTON WASTE WHITE,EA,84,"₹6,045.60"
3100-002110,HEX BOLT M12 x 80mm MS FULL THREAD,EA,265,₹11.18
3100-002188,BOLT HEX M24 X 120 MM LG GR 8.8 DIN933,EA,108,
3100-003272,POWER CABLE 2 CORE 35 SQ MM CU XLPE 1.1 KV,M,2606,"₹2,928.66"
3100-003696,gate valve 2 inch 600 class wcb flanged,EA,29,"₹89,496.18"
3100-002600,"GLOBE VALVE 4"" 150# WCB FLANGED",EA,335,"₹3,402.56"
3100-002934,  ELBOW  90 DEG LR 4 INCH SCH 40 BW A234 WPB ,EA,247,₹429.68
3100-003309,POWER CABLE 2 CORE 120 SQ MM CU XLPE 1.1 KV,M,745,"₹9,497.36"
3100-002052,HEX BOLT M12X50 MS,EA,130,₹7.27
3100-002558,GATE VALVE 4 INCH CLASS 300 WCB FLANGED END API 600,EA,80,"₹6,983.32"
3100-001828,NUT HEXAGON M16 STAINLESS STEEL 304 ISO 4032,EA,151,₹23.76
3100-003548,ISMC 150 IS 2062,M,1320,₹975.66
3100-003005,REDUCER 6 INCH SCH 40 BUTT WELD A234 WPB,EA,192,₹575.63
3100-002521,"FLG WN 4"" 600# RF A105",EA,107,"₹2,063.60"
3100-001945,NUT HEXAGON M24 STAINLESS STEEL 304 ISO 4032,EA,398,₹33.78
3100-003501,ISMB 250 IS 2062,M,120,"₹1,628.29"
3100-002002,NUT HEXAGON M36 STAINLESS STEEL 304 DIN 934,EA,81,₹47.84
3100-003764,LED FLOOD LIGHT 100W,EA,9,"₹1,252.40"
3100-003759,ANTI SEIZE COMPOUND 500G,EA,180,"₹7,448.67"
3100-001982,NUT HEXAGON M30 STAINLESS STEEL 304 ISO 4032,EA,292,₹44.61
3100-002132,HEX BOLT M16X80 SS304,EA,377,₹39.33
3100-003364,BEARING 6310 ZZ,EA,149,₹739.60
3100-003681,COMPRESSOR OIL VG 100,L,500,₹268.97
3100-003671,GEAR OIL ISO VG 220,L,2599,₹261.12
3100-002482,PLAIN WASHER M24 MILD STEEL,EA,169,₹7.33
3100-001752,HEXAGONAL NUT M8 MS DIN 934,EA,217,₹5.17
3100-002810,"PIPE 2"" SCH 80 SMLS ASTM A106 B",M,140,₹714.02
3100-003573,PRESSURE GAUGE 0-10 KG/CM2 DIAL 100MM SS316 1/2 NPT,EA,221,₹887.71
3100-002448,PLAIN WASHER M20 MILD STEEL,EA,35,₹6.36
3100-003537,ISMC 100 IS 2062,M,382,₹594.45
3100-002528,"FLG SO 8"" 300# RF A105",EA,237,"₹2,102.59"
3100-003056,SPIRAL WOUND GASKET 8 INCH CLASS 150 SS316 GRAPHITE,EA,291,₹439.46
3100-002598,VALVE GLOBE 2 INCH CLASS 300 CF8M RF,EA,248,
3100-002367,  FLAT  WASHER M12 SS304 ,EA,200,₹3.61
3100-001809,HEX NUT M12 SS316 DIN934,EA,393,₹16.50
3100-003347,BALL BEARING 6206-2RS SKF,EA,12,
3100-003382,BALL BEARING 6312-2RS SKF,EA,110,₹757.24
3100-002267,HEX BOLT M30X150 GR 8.8,EA,177,₹57.60
3100-002547,FLANGE SO RF 10 INCH CLASS 150 A105 ASME B16.5,EA,228,"₹1,455.42"
3100-003608,GEAR OIL SAE 90,L,2089,₹241.46
3100-003466,ISMB 200 IS 2062,M,226,
3100-003440,PLATE 10 MM THK MS IS2062 E250,KG,11439,₹492.29
3100-002538,"FLG SO 10"" 150# RF A105",EA,52,"₹1,407.57"
3100-002245,  hex  bolt m30x150 ms ,EA,9,₹59.88
3100-002525,FLANGE 8 IN 150 LB SO RF A105,EA,237,"₹1,212.82"
3100-003124,ELECTRIC MOTOR 2 HP 960 RPM 415V,EA,262,"₹12,748.90"
3100-002049,hex bolt m10x40 ss304,EA,309,₹13.60
3100-002775,VALVE CHECK 6 INCH CLASS 300 CF8M RF,EA,7,"₹16,933.16"
3100-002670,"BALL VALVE 2"" 300# WCB FLANGED",EA,305,"₹3,466.94"
3100-001887,NUT HEXAGON M24 STAINLESS STEEL 304 DIN 934,EA,295,₹31.20
3100-001918,NUT HEX M24 SS316,EA,179,₹31.95
3100-002161,HEX BOLT M16 x 80mm MS FULL THREAD,EA,42,₹15.45
3100-002210,hex bolt m30x150 ss304,EA,63,₹145.49
3100-001740,HEX NUT M8 SS316 DIN934,EA,,₹10.49
3100-002308,SPRING WASHER M10 SS304,EA,371,₹3.33
3100-002911,"ELBOW 90 DEG LR 3"" SCH 40 BW A234 WPB",EA,266,₹325.37
3100-001873,NUT HEXAGON M20 STAINLESS STEEL 304 ISO 4032,EA,27,
3100-002918,ELBOW 90 DEG LR 3 INCH SCH 40 BW A234 WPB,EA,107,₹328.35
3100-003224,INDUCTION MOTOR 90 KW 6P 415 V 50HZ,EA,336,"₹689,251.55"
3100-002703,"  CHECK  VALVE 2"" 150# WCB FLANGED ",EA,123,"₹1,511.09"
