Material Code,Material Description,UOM,Order Qty,Unit Price
NT-MAT-07476,PRESSURE GAUGE 0-40 KG/CM2 DIAL 100MM SS316 1/2 NPT,NOS,125,"1,428.75"
NT-MAT-07300,MS PLATE 16MM,KG,3710,717.41
NT-MAT-07718,fire extinguisher dcp 9kg,NOS,358,"7,407.28"
NT-MAT-07212,plate ss304 8mm is 2062,KG,1219,"1,995.20"
NT-MAT-06523,elbow 90 deg lr 4 inch sch 40 bw a234 wpb,NOS,242,381.13
NT-MAT-07677,anti seize compound 500g,NOS,373,"6,342.31"
NT-MAT-05616,HEX NUT M36 SS304 DIN934,NOS,63,50.14
NT-MAT-06726,electric motor 3 hp 960 rpm 415v,NOS,395,"15,614.98"
NT-MAT-06333,"  check  valve 3"" 600# cf8m flanged ",NOS,126,"14,526.93"
NT-MAT-06272,"GLOBE VALVE 4"" 150# WCB FLANGED",NOS,205,"2,733.81"
NT-MAT-05931,spring washer m16 ms,NOS,174,4.84
NT-MAT-05739,hex bolt m12 x 80mm ms full thread,NOS,32,10.74
NT-MAT-07628,  globe  valve 3 inch 300 class wcb flanged ,NOS,20,"45,137.28"
NT-MAT-07123,bearing 6203 2rs,NOS,54,537.05
NT-MAT-06048,FLANGE 4 IN 600 LB WN RF A105,NOS,49,"2,183.26"
NT-MAT-05476,hex nut m16 ss316 iso4032,NOS,134,21.17
NT-MAT-06245,globe valve 2 inch class 300 cf8m flanged,NOS,287,"4,969.15"
NT-MAT-06138,valve gate 4 inch class 300 wcb rf,NOS,46,"5,487.17"
NT-MAT-05895,FLAT WASHER M10 MS,NOS,47,3.16
NT-MAT-07281,PLATE SS304 12MM IS 2062,KG,19896,"3,011.82"
NT-MAT-06316,"BALL VALVE 4"" 600# WCB FLANGED",NOS,94,"10,675.01"
NT-MAT-05670,bolt hex m12 x 50 mm lg ss304 din933,NOS,317,18.22
NT-MAT-07047,  CABLE  3CX95 SQMM AL PVC ARMOURED ,M,2771,"10,165.48"
NT-MAT-05575,HEX NUT M24 MS DIN934,NOS,,
NT-MAT-05841,stud bolt m24 x 150 b7 with 2 nuts 2h,NOS,35,109.54
NT-MAT-06189,"GATE VALVE 8"" 300# WCB FLANGED",NOS,,"12,630.65"
NT-MAT-05810,HEX BOLT M16X80 SS316,NOS,198,34.60
NT-MAT-06592,reducer conc 2 inch sch 40 bw a234 wpb,NOS,35,190.70
NT-MAT-06090,"flg so 8"" 600# rf a105",NOS,182,"3,882.43"
NT-MAT-06536,TEE EQUAL 2 INCH SCH 40 BW A234 WPB,NOS,252,181.00
NT-MAT-06088,FLANGE 6 IN 300 LB SO RF A105,NOS,116,"1,569.30"
NT-MAT-05428,  hex  nut m10 ss316 din934 ,NOS,48,11.93
NT-MAT-07013,cable 2c x 70 sqmm xlpe armoured 1.1kv,M,2508,"5,359.99"
NT-MAT-06334,"CHECK VALVE 4"" 600# WCB FLANGED",NOS,389,"12,483.10"
NT-MAT-05772,hex bolt m16 x 60mm gr 8.8 full thread,NOS,60,11.04
NT-MAT-06461,"PIPE 6"" SCH 40 SMLS ASTM A106 B",M,125,"1,019.82"
NT-MAT-06119,"gate valve 2"" 600# wcb flanged",NOS,358,"5,252.24"
NT-MAT-06144,"gate valve 4"" 300# cf8m flanged",NOS,85,"9,541.49"
NT-MAT-05650,HEX BOLT M10 x 40mm SS304 FULL THREAD,NOS,140,10.62
NT-MAT-05780,bolt hex m16 x 80 mm lg ss304 din933,NOS,159,34.56
NT-MAT-05820,bolt hex m24 x 120 mm lg gr 8.8 din933,NOS,311,33.80
NT-MAT-06856,motor 3 phase 415v 15kw 2 pole,NOS,224,"1,10,493.32"
NT-MAT-05840,stud bolt m16 x 100 b7 with 2 nuts 2h,NOS,126,47.12
NT-MAT-07044,  CABLE  2CX240 SQMM AL PVC ARMOURED ,M,2748,"16,881.52"
NT-MAT-06583,tee 6 inch sch 40 butt weld a234 wpb,NOS,,577.04
NT-MAT-05827,HEX BOLT M30X150 MS,NOS,140,57.50
NT-MAT-06775,electric motor 5 hp 960 rpm 415v,NOS,344,"30,021.06"
NT-MAT-05999,spring washer m24 ms,NOS,193,6.97
NT-MAT-07405,ISMC 200 IS 2062,M,1081,"1,214.10"
NT-MAT-07183,bearing 6308 c3,NOS,,677.40
NT-MAT-07313,ISMB 150 IS 2062,M,1205,877.84
NT-MAT-06677,SPIRAL WOUND GASKET 6 INCH CLASS 150 SS316 GRAPHITE,NOS,140,321.35
NT-MAT-06892,INDUCTION MOTOR 37 KW 4P 415 V 50HZ,NOS,223,"2,58,596.78"
NT-MAT-06306,"GLOBE VALVE 8"" 300# WCB FLANGED",NOS,44,"12,596.11"
NT-MAT-06926,ELECTRIC MOTOR 75 HP 1440 RPM 415V,NOS,215,"3,61,392.61"
NT-MAT-06776,  ELECTRIC  MOTOR 7.5 HP 2880 RPM 415V ,NOS,309,"40,516.24"
NT-MAT-07025,CABLE 2C X 120 SQMM XLPE ARMOURED 1.1KV,M,2135,"9,115.20"
NT-MAT-06357,"check valve 4"" 600# cf8m flanged",NOS,319,"21,008.68"
NT-MAT-06636,REDUCER CONC 6 INCH SCH 40 BW A234 WPB,NOS,392,580.36
NT-MAT-05584,HEX NUT M30 SS304 DIN934,NOS,267,35.31
NT-MAT-05580,hex nut m24 ss304 iso4032,NOS,128,30.19
NT-MAT-06807,MOTOR INDUCTION SQUIRREL CAGE 5.5KW 6 POLE 415V IE3,NOS,331,"42,909.57"
NT-MAT-06427,pipe seamless 2 inch sch 40 a106 gr b,M,634,319.48
NT-MAT-07735,COTTON WASTE WHITE,NOS,398,"4,726.68"
NT-MAT-06659,SPIRAL WOUND GASKET 3 INCH CLASS 300 SS316 GRAPHITE,NOS,177,280.79
NT-MAT-07244,PLATE MS 10MM IS 2062,KG,6454,477.16
NT-MAT-07278,plate 12 mm thk ss304 is2062 e250,KG,6063,"3,018.16"
NT-MAT-07619,4 nb flange wn class 600 rf a105 b16.5,NOS,8,"8,009.55"
NT-MAT-07660,torque wrench 40-200 nm,NOS,180,"7,566.79"
NT-MAT-07609,globe valve 2 inch 300 class wcb flanged,NOS,8,"51,919.03"
NT-MAT-07519,PRESSURE GAUGE 0-100 KG/CM2 150MM DIAL 1/2 NPT,NOS,,
NT-MAT-05653,bolt hex m10 x 40 mm lg ms din933,NOS,113,5.05
NT-MAT-07535,HYDRAULIC OIL VG 68,DRUM,2422,193.80
NT-MAT-07342,ismb 400 is 2062,M,1109,"2,351.08"
NT-MAT-07637,level transmitter 4-20ma 0-3m,NOS,482,"1,490.85"
NT-MAT-07114,bearing 6203 c3,NOS,361,544.31
NT-MAT-05979,SPRING WASHER M24 SS304,NOS,211,6.36
NT-MAT-05855,SPRING WASHER M8 SS304,NOS,275,2.25
NT-MAT-06448,pipe seamless 4 inch sch 40 a106 gr b,M,886,755.22
NT-MAT-06475,pipe seamless 6 inch sch 80 a106 gr b,M,245,"2,279.93"
NT-MAT-05390,NUT HEXAGON M8 STAINLESS STEEL 316 DIN 934,NOS,344,
NT-MAT-06043,FLANGE 3 IN 600 LB SO RF A105,NOS,322,"1,579.08"
NT-MAT-05547,hex nut m24 ss316 din934,NOS,141,28.47
NT-MAT-06563,TEE EQUAL 4 INCH SCH 40 BW A234 WPB,NOS,133,355.22
NT-MAT-05467,hex nut m16 ss304 iso4032,NOS,298,18.46
NT-MAT-06414,"check valve 8"" 150# wcb flanged",NOS,255,"6,092.97"
NT-MAT-06747,ELECTRIC MOTOR 5 HP 2880 RPM 415V,NOS,90,"29,797.87"
NT-MAT-06381,"check valve 6"" 600# wcb flanged",NOS,396,"16,794.94"
NT-MAT-05688,bolt hex m12 x 50 mm lg ms din933,NOS,,
NT-MAT-07271,MS PLATE 12MM,KG,5116,581.14
NT-MAT-05723,bolt hex m12 x 50 mm lg gr 8.8 din933,NOS,211,6.65
NT-MAT-05464,HEX NUT M16 SS304 DIN934,NOS,337,19.86
NT-MAT-05889,FLAT WASHER M8 MS,NOS,146,2.45
NT-MAT-06606,"REDUCER CONC 4"" SCH 40 BW A234 WPB",NOS,,372.22
NT-MAT-06067,flange 4 in 600 lb so rf a105,NOS,285,"2,242.27"
NT-MAT-07207,plate 6 mm thk ss304 is2062 e250,KG,13242,
NT-MAT-07472,PRESSURE GAUGE 0-25 KG/CM2 150MM DIAL 1/2 NPT,NOS,141,"1,527.53"
NT-MAT-06033,FLANGE 2 IN 600 LB SO RF A105,NOS,148,"1,145.35"
NT-MAT-06041,FLANGE 3 IN 300 LB WN RF A105,NOS,122,792.10
NT-MAT-06819,electric motor 15 hp 960 rpm 415v,NOS,55,"85,483.38"
NT-MAT-07441,pressure gauge 0-16 kg/cm2 150mm dial 1/2 npt,NOS,243,"1,095.83"
NT-MAT-06221,"GATE VALVE 8"" 300# CF8M FLANGED",NOS,193,"21,757.24"
NT-MAT-06708,SPIRAL WOUND GASKET 8 INCH CLASS 150 SS316 GRAPHITE,NOS,340,404.80
NT-MAT-07691,grinding wheel 100x6x16,NOS,245,383.75
NT-MAT-05951,spring washer m20 ss304,NOS,115,5.60
NT-MAT-07373,ISMC 100 IS 2062,M,,626.10
NT-MAT-07490,pressure gauge 0-100 kg/cm2 100mm dial 1/2 npt,NOS,133,"2,972.10"
NT-MAT-06953,electric motor 125 hp 2880 rpm 415v,NOS,193,"6,84,190.50"
NT-MAT-07137,bearing 6205 2rs,NOS,218,579.06
NT-MAT-05744,BOLT HEX M12 X 80 MM LG GR 8.8 DIN933,NOS,299,11.49
NT-MAT-05504,HEX NUT M20 SS304 ISO4032,NOS,308,
NT-MAT-05523,hex nut m24 ss304 din934,NOS,160,33.66
NT-MAT-07698,welding electrode e7018 3.15mm,NOS,303,"8,581.83"
NT-MAT-06692,SPIRAL WOUND GASKET 6 INCH CLASS 600 SS316 GRAPHITE,NOS,369,"1,217.49"
NT-MAT-06179,"GATE VALVE 8"" 150# WCB FLANGED",NOS,258,"5,559.47"
NT-MAT-05402,HEX NUT M8 MS DIN934,NOS,224,4.53
NT-MAT-06242,GATE VALVE 8 INCH CLASS 600 WCB FLANGED END API 600,NOS,340,"23,047.86"
NT-MAT-07415,pressure gauge 0-16 kg/cm2 100mm dial 1/2 npt,NOS,35,"1,006.51"
NT-MAT-07260,plate ss304 10mm is 2062,KG,18694,
NT-MAT-06506,"ELBOW 90 DEG LR 3"" SCH 40 BW A234 WPB",NOS,272,299.49
NT-MAT-07169,bearing 6305 zz,NOS,397,673.00
NT-MAT-06538,  TEE  2 INCH SCH 40 BUTT WELD A234 WPB ,NOS,140,175.78
NT-MAT-07098,  cable  4cx50 sqmm al pvc armoured ,M,1053,"7,349.11"
NT-MAT-05766,BOLT HEX M16 X 60 MM LG SS316 DIN933,NOS,237,26.20
NT-MAT-07079,CABLE 4CX2.5 SQMM AL PVC ARMOURED,M,2606,408.94
NT-MAT-05921,spring washer m12 ms,NOS,386,3.57
NT-MAT-07568,HYDRAULIC OIL ISO VG 46,DRUM,1839,160.48
NT-MAT-06982,POWER CABLE 2C x 50 sqmm cu xlpe 1.1kv,M,1681,"3,487.26"
NT-MAT-06655,"  GASKET  SPIRAL WOUND 2"" 600# SS316 ",NOS,11,386.62
NT-MAT-07600,turbine oil iso vg 32,DRUM,2135,210.98
NT-MAT-05645,hex nut m100 ss304 din934,NOS,7,130.56
NT-MAT-05771,hex bolt m16x60 gr8.8,NOS,20,10.59
NT-MAT-06922,ELECTRIC MOTOR 50 HP 960 RPM 415V,NOS,299,
