MATNR,MAKTX,MEINS,Stock Qty,Unit Price
1000003590,HAND GLOVES LEATHER 10 INCH,NOS,38,7182.77
1000002406,  PIPE  SEAMLESS 6 INCH SCH 40 A106 GR B ,MTR,865,1054.45
1000001971,"GATE VALVE 2"" 600# CF8M FLANGED",NOS,91,9848.61
1000001849,FLANGE SO RF 8 INCH CLASS 600 A105 ASME B16.5,NOS,53,4181.63
1000001177,HEX NUT M24 SS304 DIN934,NOS,356,29.79
1000002224,"BALL VALVE 4"" 600# CF8M FLANGED",NOS,276,21938.16
1000002373,VALVE CHECK 8 INCH CLASS 150 WCB RF,NOS,116,6228.83
1000002464,ELBOW 90 DEG LR 3 INCH SCH 40 BW A234 WPB,NOS,269,307.41
1000001455,HEX BOLT M30X150 SS304,NOS,50,132.47
1000002687,SPIRAL WOUND GASKET 8 INCH CLASS 150 SS316 GRAPHITE,NOS,358,381.49
1000003606,COTTON WASTE WHITE,NOS,102,4578.33
1000001251,HEX NUT M30 SS304 DIN934,NOS,107,42.63
1000003436,PRESSURE GAUGE 0-100 KG/CM2 100MM DIAL 1/2 NPT,NOS,285,
1000002113,"GLOBE VALVE 4"" 150# CF8M FLANGED",NOS,357,5354.69
1000002250,VALVE CHECK 3 INCH CLASS 600 WCB RF,NOS,173,9176.42
1000003451,GEAR OIL SAE 90 EP,LTR,1021,209.15
1000002045,"GATE VALVE 8"" 600# WCB FLANGED",NOS,287,26289.08
1000002521,ELBOW 90 DEG LR 6 INCH SCH 40 BW A234 WPB,NOS,,526.18
1000003362,  ISMC  150 IS 2062 ,MTR,886,985.10
1000002574,"TEE EQUAL 8"" SCH 40 BW A234 WPB",NOS,156,732.10
1000002888,POWER CABLE 2C x 120 sqmm cu xlpe 1.1kv,MTR,1918,9653.14
1000003109,BEARING 6310 2RS,NOS,240,621.17
1000001836,FLANGE WN RF 8 INCH CLASS 600 A105 ASME B16.5,NOS,289,4579.01
1000002759,INDUCTION MOTOR 15 KW 2P 415 V 50HZ,NOS,39,117619.61
1000002695,SPIRAL WOUND GASKET 8 IN 150 LB SS316 GRAPHITE FILLED,NOS,61,396.77
1000001676,FLAT WASHER M20 SS304,NOS,186,5.86
1000002291,"CHECK VALVE 4"" 600# WCB FLANGED",NOS,,12715.40
1000003269,ISMB 300 IS 2062,MTR,134,1688.53
1000001450,HEX BOLT M20 x 100mm GR 8.8 FULL THREAD,NOS,363,24.04
1000002191,"BALL VALVE 3"" 600# CF8M FLANGED",NOS,99,16230.46
1000003213,PLATE MS 16MM IS 2062,KG,,836.81
1000003418,PRESSURE GAUGE 0-16 KG/CM2 150MM DIAL 1/2 NPT,NOS,46,1244.39
1000001878,FLANGE WN RF 10 INCH CLASS 600 A105 ASME B16.5,NOS,326,5318.84
1000001753,FLANGE WN RF 4 INCH CLASS 600 A105 ASME B16.5,NOS,170,2102.94
1000001698,FLAT WASHER M24 MS,NOS,98,6.72
1000003525,3 NB FLANGE WN CLASS 150 RF A105 B16.5,NOS,10,83908.33
1000001390,HEX BOLT M16X60 SS316,NOS,77,27.59
1000003571,LEVEL TRANSMITTER 4-20MA 0-3M,NOS,108,4730.02
1000002013,VALVE GATE 8 INCH CLASS 300 WCB RF,NOS,348,11904.28
1000001875,FLANGE SO RF 10 INCH CLASS 150 A105 ASME B16.5,NOS,324,
1000002497,"ELBOW 90 DEG LR 4"" SCH 40 BW A234 WPB",NOS,66,368.68
1000001317,HEX BOLT M12X50 SS304,NOS,351,17.60
1000001524,STUD BOLT M20X120 ASTM A193 B7,NOS,338,72.01
1000001265,  hex  nut m30 ss304 iso4032 ,NOS,328,36.05
1000002068,"GLOBE VALVE 2"" 150# WCB FLANGED",NOS,325,1414.41
1000001817,"FLG SO 8"" 300# RF A105",NOS,180,2284.36
1000003502,COMPRESSOR OIL ISO VG100,LTR,99,237.58
1000001494,BOLT HEX M30 X 150 MM LG GR 8.8 DIN933,NOS,369,
1000001144,NUT HEXAGON M20 STAINLESS STEEL 304 DIN 934,NOS,338,25.92
1000001204,HEX NUT M24 MS DIN934,NOS,170,12.98
1000002431,ELBOW 90 DEG LR 2 INCH SCH 40 BW A234 WPB,NOS,337,198.13
1000002317,"CHECK VALVE 6"" 300# WCB FLANGED",NOS,177,8421.49
1000001573,STUD BOLT M24 X 150 B7 WITH 2 NUTS 2H,NOS,341,103.12
1000002627,REDUCER CONC 8 INCH SCH 40 BW A234 WPB,NOS,253,776.27
1000003423,GAUGE PRESSURE 0-40 KG/CM2 150 MM DIAL,NOS,54,1717.10
1000001910,GATE VALVE 2 INCH CLASS 300 WCB FLANGED END API 600,NOS,7,3247.67
1000002895,CABLE 3C X 6 SQMM XLPE ARMOURED 1.1KV,MTR,2807,727.40
1000001421,BOLT HEX M16 X 80 MM LG SS304 DIN933,NOS,120,36.58
1000002274,  VALVE  CHECK 3 INCH CLASS 600 CF8M RF ,NOS,171,16874.57
1000002041,VALVE GATE 8 INCH CLASS 300 CF8M RF,NOS,241,19920.73
1000002176,GLOBE VALVE 8 INCH CLASS 300 WCB FLANGED,NOS,75,12375.36
1000001058,HEX NUT M12 MS DIN934,NOS,244,7.51
1000001585,WASHER FLAT M10 SS304 ZINC PLATED,NOS,185,2.99
1000001552,STUD BOLT M20X140 B7 ZINC PLATED,NOS,325,81.64
1000001331,HEXAGON HEAD BOLT M12 X 50 CL 8.8,NOS,173,
1000002394,PIPE SEAMLESS 3 INCH SCH 40 A106 GR B,MTR,757,575.65
1000003534,globe valve 2 inch 150 class wcb flanged,NOS,21,27360.21
1000002783,MOTOR 3 PHASE 415V 37KW 2 POLE,NOS,100,277362.25
1000003496,COMPRESSOR OIL ISO VG 100,LTR,2807,243.80
1000001136,HEXAGONAL NUT M20 SS304 DIN 934,NOS,310,25.24
1000001146,HEX NUT M20 SS316 DIN934,NOS,194,24.43
1000002980,CABLE 4C X 50 SQMM XLPE ARMOURED 1.1KV,MTR,2664,8122.76
1000002724,  MOTOR  3 PHASE 415V 5.5KW 2 POLE ,NOS,400,42511.73
1000003190,PLATE MS 10MM IS 2062,KG,8730,491.11
1000003044,BEARING 6205 2RS,NOS,383,600.61
1000003240,PLATE MS 32MM IS 2062,KG,7788,1494.02
1000003072,BEARING 6305 2RS,NOS,165,649.74
1000001362,HEX BOLT M12X80 GR 8.8,NOS,82,12.38
1000002851,CABLE 2C X 50 SQMM XLPE ARMOURED 1.1KV,MTR,1965,3736.98
1000002929,CABLE 3CX50 SQMM AL PVC ARMOURED,MTR,344,6060.64
1000001011,NUT HEX M8 SS304,NOS,278,11.57
1000002964,CABLE 4C X 2.5 SQMM XLPE ARMOURED 1.1KV,MTR,1090,466.81
1000003009,BALL BEARING 6203-2RS SKF,NOS,275,512.55
1000002945,  CABLE  3C X 95 SQMM XLPE ARMOURED 1.1KV ,MTR,1600,10635.52
1000002920,POWER CABLE 3C x 25 sqmm cu xlpe 1.1kv,MTR,461,2876.45
1000002525,TEE 4 INCH SCH 40 BUTT WELD A234 WPB,NOS,378,367.35
1000003183,PLATE SS304 8MM IS 2062,KG,10850,
1000002540,TEE EQUAL 6 INCH SCH 40 BW A234 WPB,NOS,267,597.10
1000002302,"CHECK VALVE 4"" 600# CF8M FLANGED",NOS,367,20649.59
1000003619,EPOXY PRIMER PAINT 20 LTR,NOS,245,694.67
1000003358,CHANNEL ISMC100 IS2062,MTR,920,638.74
1000002140,"GLOBE VALVE 6"" 150# WCB FLANGED",NOS,254,4663.94
1000001378,hex bolt m16x60 ss304,NOS,180,26.54
1000002590,REDUCER CONC 2 INCH SCH 40 BW A234 WPB,NOS,129,179.35
1000002838,CABLE 2C X 25 SQMM XLPE ARMOURED 1.1KV,MTR,2104,1873.71
1000003554,WELDING ELECTRODE E6013 2.5MM,NOS,457,3898.56
1000001279,NUT HEXAGON M36 STAINLESS STEEL 304 ISO 4032,NOS,143,48.59
1000002660,  SPIRAL  WOUND GASKET 3 IN 300 LB SS316 GRAPHITE FILLED ,NOS,397,346.91
1000003586,SAFETY SHOES SIZE 9,NOS,334,5078.95
1000002090,GLOBE VALVE 3 INCH CLASS 300 WCB FLANGED,NOS,233,4359.45
1000001489,HEX BOLT M30X150 MS,NOS,,53.58
1000001583,FLAT WASHER M8 SS304,NOS,191,2.46
1000002008,"  GATE  VALVE 8"" 150# WCB FLANGED ",NOS,111,6262.18
1000001594,FLAT WASHER M10 MS,NOS,65,3.13
1000001780,FLANGE 8 IN 150 LB SO RF A105,NOS,163,1153.53
1000002337,CHECK VALVE 6 INCH CLASS 600 CF8M FLANGED,NOS,13,30965.09
1000001716,"FLG SO 2"" 600# RF A105",NOS,188,1029.89
1000002738,  MOTOR  3 PHASE 415V 11KW 6 POLE ,NOS,24,77742.95
1000002707,MOTOR INDUCTION SQUIRREL CAGE 2.2KW 4 POLE 415V IE3,NOS,79,16275.09
1000001901,"GATE VALVE 2"" 300# WCB FLANGED",NOS,260,3243.66
1000001079,HEX NUT M16 MS DIN934,NOS,13,9.86
1000003522,ball valve 3 inch 600 class wcb flanged,NOS,54,34790.79
1000003168,PLATE MS 8MM IS 2062,KG,4458,414.96
1000001023,HEX NUT M10 SS316 ISO4032,NOS,25,13.67
1000003461,TURBINE OIL ISO VG 32,LTR,333,230.95
1000003256,ISMB 200 IS 2062,MTR,496,1222.48
1000002892,CABLE 2CX240 SQMM AL PVC ARMOURED,MTR,1573,19168.22
1000001939,"GATE VALVE 2"" 600# WCB FLANGED",NOS,106,6227.73
1000001104,HEX NUT M16 SS304 ISO4032,NOS,168,23.17
1000002106,VALVE GLOBE 4 INCH CLASS 150 WCB RF,NOS,205,2783.76
1000001616,FLAT WASHER M12 SS304,NOS,124,3.27
1000002227,"  BALL  VALVE 8"" 600# WCB FLANGED ",NOS,161,23992.43
1000001639,FLAT WASHER M16 SS304,NOS,293,5.02
1000002822,INDUCTION MOTOR 90 KW 2P 415 V 50HZ,NOS,390,705384.34
1000003295,BEAM ISMB400 IS2062 E250,MTR,1175,2254.83
1000002816,ELECTRIC MOTOR 50 HP 960 RPM 415V,NOS,188,277005.64
1000002659,SPIRAL WOUND GASKET 3 INCH CLASS 300 SS316 GRAPHITE,NOS,119,341.98
1000003576,FIRE EXTINGUISHER DCP 9KG,NOS,220,991.55
1000001313,HEXAGON HEAD BOLT M10 X 40 STAINLESS STEEL 304,NOS,213,12.49
1000003323,ISMB 450 IS 2062,MTR,1131,2747.97
1000003218,PLATE MS 20MM IS 2062,KG,17989,992.75
1000003144,PLATE MS 6MM IS 2062,KG,18767,285.25
1000001229,HEX NUT M24 SS304 ISO4032,NOS,,31.80
1000003396,PRESSURE GAUGE 0-10 KG/CM2 150MM DIAL 1/2 NPT,NOS,204,1057.62
