SL/MM/02705,HEX NUT M100 SS304 DIN934,NO,221,127.99
SL/MM/03086,  FLANGE  3 IN 300 LB WN RF A105 ,NO,67,803.15
SL/MM/03549,PIPE 6 INCH SCH40 SEAMLESS A106 B,MTR,418,1101.23
SL/MM/02747,  BOLT  HEX M12 X 50 MM LG MS DIN933 ,NO,54,6.25
SL/MM/04283,BEARING 6312 ZZ,NO,349,651.09
SL/MM/04427,GAUGE PRESSURE 0-10 KG/CM2 100 MM DIAL,NO,382,733.71
SL/MM/03528,PIPE 4 INCH SCH80 SEAMLESS A106 B,MTR,220,1392.41
SL/MM/04730,FILTER ELEMENT 10 MICRON HYDRAULIC,NO,288,8590.46
SL/MM/03283,  GATE  VALVE 8 INCH CLASS 300 CF8M FLANGED END API 600 ,NO,15,19924.04
SL/MM/02730,BOLT HEX M10 X 40 MM LG MS DIN933,NO,211,4.69
SL/MM/02703,HEXAGONAL NUT M100 SS304 DIN 934,NO,226,124.91
SL/MM/03008,SPRING WASHER M12 SS304,NO,187,3.37
SL/MM/04204,BEARING 6203 ZZ,NO,376,498.34
SL/MM/04346,PLATE MS 25MM IS 2062,KG,13251,1123.78
SL/MM/03393,VALVE CHECK 3 INCH CLASS 600 WCB RF,NO,316,8952.21
SL/MM/04327,MS PLATE 12MM,KG,4975,525.10
SL/MM/04508,GAUGE PRESSURE 0-40 KG/CM2 100 MM DIAL,NO,170,1418.97
SL/MM/03783,SPIRAL WOUND GASKET 6 IN 150 LB SS316 GRAPHITE FILLED,NO,352,289.30
SL/MM/02623,HEXAGONAL NUT M20 SS304 ISO 4032,NO,111,22.93
SL/MM/02506,HEXAGONAL NUT M10 SS316 DIN 934,NO,196,11.58
SL/MM/03863,INDUCTION MOTOR 2.2 KW 6P 415 V 50HZ,NO,94,15122.11
SL/MM/02521,HEXAGONAL NUT M10 MS DIN 934,NO,21,5.39
SL/MM/04271,BEARING 6310 C3,NO,394,659.71
SL/MM/02680,HEXAGONAL NUT M36 SS304 DIN 934,NO,312,41.16
SL/MM/03995,ELECTRIC MOTOR 125 HP 1440 RPM 415V,NO,197,604855.86
SL/MM/04440,GAUGE PRESSURE 0-10 KG/CM2 150 MM DIAL,NO,293,939.00
SL/MM/02904,HEXAGON HEAD BOLT M20 X 100 CL 8.8,NO,276,20.13
SL/MM/03620,ELBOW 90 DEG LR 4 INCH SCH 40 BW A234 WPB,NO,6,
SL/MM/03145,FLANGE 4 IN 600 LB SO RF A105,NO,35,2168.38
SL/MM/04166,CABLE 2C X 120 SQMM XLPE ARMOURED 1.1KV,MTR,1766,9321.22
SL/MM/03893,INDUCTION MOTOR 5.5 KW 2P 415 V 50HZ,NO,134,38621.38
SL/MM/03380,CHECK VALVE 2 INCH CLASS 150 CF8M FLANGED,NO,180,2419.63
SL/MM/04704,PTFE TAPE 12MM,NO,138,5424.07
SL/MM/02809,BOLT HEX M12 X 80 MM LG SS316 DIN933,NO,80,26.38
SL/MM/02632,HEXAGONAL NUT M20 SS316 ISO 4032,NO,111,24.78
SL/MM/04521,LUBRICATING OIL GEAR SAE 90,LTR,1500,197.56
SL/MM/04600,BALL BEARING NU210-2RS SKF,NO,40,6953.74
SL/MM/04482,GAUGE PRESSURE 0-25 KG/CM2 100 MM DIAL,NO,343,1106.36
SL/MM/03350,VALVE BALL 2 INCH CLASS 300 WCB RF,NO,137,2621.10
SL/MM/03697,REDUCER 4 INCH SCH 40 BUTT WELD A234 WPB,NO,46,381.20
SL/MM/02938,HEXAGON HEAD BOLT M30 X 150 MILD STEEL,NO,9,45.35
SL/MM/03916,ELECTRIC MOTOR 7.5 HP 960 RPM 415V,NO,137,35563.63
SL/MM/03639,  TEE  4 INCH SCH 40 BUTT WELD A234 WPB ,NO,323,380.69
SL/MM/02619,HEXAGONAL NUT M20 SS304 DIN 934,NO,322,23.16
SL/MM/03798,"GASKET SPIRAL WOUND 8"" 300# SS316",NO,238,759.37
SL/MM/04553,HYDRAULIC OIL ISO VG46 AW,LTR,2643,173.13
SL/MM/02888,HEXAGON HEAD BOLT M16 X 80 STAINLESS STEEL 316,NO,97,33.95
SL/MM/02886,HEXAGON HEAD BOLT M16 X 80 STAINLESS STEEL 304,NO,344,37.29
SL/MM/02720,HEXAGON HEAD BOLT M10 X 40 STAINLESS STEEL 304,NO,14,10.40
SL/MM/03186,GATE VALVE 4 INCH CLASS 300 WCB FLANGED END API 600,NO,54,5971.15
SL/MM/03356,VALVE BALL 4 INCH CLASS 600 CF8M RF,NO,322,19753.60
SL/MM/03017,SPRING WASHER M12 MS,NO,49,3.47
SL/MM/04591,  COMPRESSOR  OIL VG 100 ,LTR,2634,265.69
SL/MM/03442,  CHECK  VALVE 6 INCH CLASS 600 WCB FLANGED ,NO,358,15327.04
SL/MM/02906,HEX BOLT M24 x 120mm MS FULL THREAD,NO,224,31.85
SL/MM/04189,CABLE 3C X 50 SQMM XLPE ARMOURED 1.1KV,MTR,2403,4900.43
SL/MM/04624,check valve 6 inch 300 class cf8m flanged,NO,3,4552.08
SL/MM/03785,SPIRAL WOUND GASKET 6 INCH CLASS 150 SS316 GRAPHITE,NO,151,285.68
SL/MM/04604,2 NB FLANGE WN CLASS 300 RF A105 B16.5,NO,7,56517.20
SL/MM/03673,REDUCER CONC 2 INCH SCH 40 BW A234 WPB,NO,44,
SL/MM/03305,  GLOBE  VALVE 2 INCH CLASS 300 WCB FLANGED ,NO,68,2709.29
SL/MM/02840,HEXAGON HEAD BOLT M12 X 80 MILD STEEL,NO,150,11.27
SL/MM/03828,ELECTRIC MOTOR 3 HP 1440 RPM 415V,NO,149,16638.03
SL/MM/02874,HEXAGON HEAD BOLT M12 X 80 CL 8.8,NO,,10.23
SL/MM/03598,ELBOW 3 INCH SCH 40 BUTT WELD A234 WPB,NO,161,266.86
SL/MM/04006,CABLE 2CX10 SQMM AL PVC ARMOURED,MTR,938,751.16
SL/MM/03158,FLANGE 8 IN 600 LB SO RF A105,NO,178,4077.70
SL/MM/04637,SAFETY SHOES SIZE 9,NO,32,4870.39
SL/MM/03492,PIPE 3 INCH SCH40 SEAMLESS A106 B,MTR,593,503.33
SL/MM/03791,SPIRAL WOUND GASKET 8 IN 300 LB SS316 GRAPHITE FILLED,NO,158,756.99
SL/MM/03109,FLANGE 4 IN 600 LB WN RF A105,NO,313,2167.37
SL/MM/03552,PIPE 6 INCH SCH80 SEAMLESS A106 B,MTR,803,1938.86
SL/MM/03073,flange wn rf 2 inch class 300 a105,NO,48,524.94
SL/MM/04585,  TURBINE  OIL ISO VG32 R&O ,LTR,659,
SL/MM/02782,HEXAGON HEAD BOLT M12 X 50 CL 8.8,NO,220,6.20
SL/MM/04158,CABLE 2CX70 SQMM AL PVC ARMOURED,MTR,1331,5140.21
SL/MM/03580,ELBOW 90 DEG LR 2 INCH SCH 40 BW A234 WPB,NO,366,180.20
SL/MM/03722,REDUCER 6 INCH SCH 40 BUTT WELD A234 WPB,NO,6,516.50
SL/MM/03881,ELECTRIC MOTOR 5 HP 2880 RPM 415V,NO,24,27063.28
SL/MM/03177,"  GATE  VALVE 4"" 300# WCB FLANGED ",NO,68,5745.74
SL/MM/02963,STUDBOLT B7 M20 X 120MM,NO,283,72.91
SL/MM/04229,BEARING 6205 C3,NO,21,515.51
SL/MM/04489,GAUGE PRESSURE 0-25 KG/CM2 150 MM DIAL,NO,18,1213.68
SL/MM/04536,HYDRAULIC OIL ISO VG68 AW,LTR,1555,180.41
SL/MM/03248,GATE VALVE 8 INCH CLASS 150 CF8M FLANGED END API 600,NO,102,9163.48
SL/MM/03102,FLANGE 3 IN 600 LB SO RF A105,NO,102,1453.85
SL/MM/03258,GATE VALVE 8 INCH CLASS 300 WCB FLANGED END API 600,NO,368,11094.65
SL/MM/03940,ELECTRIC MOTOR 50 HP 2880 RPM 415V,NO,125,244566.73
SL/MM/02979,SPRING WASHER M8 SS304,NO,339,2.02
SL/MM/03408,CHECK VALVE 4 INCH CLASS 600 CF8M FLANGED,NO,157,
SL/MM/03328,"GLOBE VALVE 2"" 300# CF8M FLANGED",NO,340,5104.20
SL/MM/04362,PLATE MS 32MM IS 2062,KG,17612,
SL/MM/03976,ELECTRIC MOTOR 75 HP 960 RPM 415V,NO,230,378639.83
SL/MM/02949,STUDBOLT B7 M16 X 100MM,NO,41,45.73
SL/MM/03808,ELECTRIC MOTOR 2 HP 960 RPM 415V,NO,259,
SL/MM/04238,BEARING 6305 ZZ,NO,5,627.46
SL/MM/03754,REDUCER 8 INCH SCH 40 BUTT WELD A234 WPB,NO,125,638.39
SL/MM/03769,SPIRAL WOUND GASKET 2 IN 600 LB SS316 GRAPHITE FILLED,NO,323,375.88
SL/MM/04661,LED FLOOD LIGHT 100W,NO,475,6688.99
SL/MM/04414,ISMC 250 E250 IS 2062,MTR,406,1454.05
SL/MM/03471,VALVE CHECK 6 INCH CLASS 600 CF8M RF,NO,366,31813.79
SL/MM/02524,HEX NUT M10 SS316 ISO4032,NO,378,11.65
SL/MM/03000,WASHER FLAT M8 MS ZINC PLATED,NO,281,2.39
SL/MM/03164,GATE VALVE 2 INCH CLASS 300 WCB FLANGED END API 600,NO,386,
SL/MM/04693,CONTACTOR 3P 32A 415V COIL 230VAC,NO,79,8943.59
SL/MM/04125,  CABLE  2CX50 SQMM AL PVC ARMOURED ,MTR,720,3788.14
SL/MM/02596,HEXAGONAL NUT M16 SS316 ISO 4032,NO,65,18.24
SL/MM/03405,CHECK VALVE 3 INCH CLASS 600 CF8M FLANGED,NO,,14041.52
SL/MM/02569,NUT HEX M12 SS304,NO,227,14.22
SL/MM/03219,GATE VALVE 8 INCH CLASS 150 WCB FLANGED END API 600,NO,252,5577.19
SL/MM/04243,BEARING 6308 ZZ,NO,7,558.08
SL/MM/02543,HEXAGONAL NUT M12 SS304 DIN 934,NO,397,13.80
SL/MM/03781,SPIRAL WOUND GASKET 4 IN 300 LB SS316 GRAPHITE FILLED,NO,241,399.55
SL/MM/02641,M24 HEX NUT SS 316 CONFORMING TO DIN934,NO,249,27.88
SL/MM/02909,HEX BOLT M24 x 120mm GR 8.8 FULL THREAD,NO,23,34.39
SL/MM/04388,BEAM ISMB150 IS2062 E250,MTR,746,791.35
SL/MM/03067,SPRING WASHER M24 SS304,NO,212,6.06
SL/MM/03372,"CHECK VALVE 2"" 150# WCB FLANGED",NO,35,1296.94
SL/MM/04320,SS304 PLATE 10MM,KG,7366,2421.05
SL/MM/04100,POWER CABLE 2 CORE 35 SQ MM CU XLPE 1.1 KV,MTR,227,2723.68
SL/MM/03390,"CHECK VALVE 3"" 600# WCB FLANGED",NO,60,8583.03
SL/MM/04039,CABLE 2CX16 SQMM AL PVC ARMOURED,MTR,1059,1264.33
SL/MM/02479,M8 HEX NUT MS CONFORMING TO DIN934,NO,300,4.73
SL/MM/03030,SPRING WASHER M16 SS304,NO,69,4.51
SL/MM/02582,HEXAGONAL NUT M16 SS304 DIN 934,NO,380,17.99
SL/MM/04708,GRINDING WHEEL 100X6X16,NO,265,3259.78
SL/MM/04291,SS304 PLATE 8MM,KG,5155,1788.20
SL/MM/04071,CABLE 2CX25 SQMM AL PVC ARMOURED,MTR,2499,1848.56
SL/MM/03956,MOTOR 3 PHASE 415V 55KW 4 POLE,NO,349,398768.47
SL/MM/02647,  NUT  HEXAGON M24 STAINLESS STEEL 316 DIN 934 ,NO,82,27.59
SL/MM/02927,HEXAGON HEAD BOLT M30 X 150 STAINLESS STEEL 304,NO,250,123.31
SL/MM/04685,RUBBER SHEET 6MM NEOPRENE,NO,83,6548.15
SL/MM/04477,GAUGE PRESSURE 0-16 KG/CM2 150 MM DIAL,NO,200,1167.94
